,Accuracy,F1,Model
0,0.7977653631284917,0.7657592662157512,Default algorithm
1,0.8122905027932961,0.7982038850709948,Pre-trained CAE
