,Accuracy,F1,Model
0,0.7212389380530974,0.6602424452360267,Default algorithm
1,0.7256637168141593,0.7207484814141119,Pre-trained CAE
